,player_id,FIRST_NAME,LAST_NAME,TEAM_ID,HEIGHT,DRAFT_YEAR,FULL_NAME,SEASON
0,696,Travis,Best,1610612754.0,155.7528,1995,Travis Best,2014
1,731,Greg,Ostertag,0.0,219.45600000000002,1995,Greg Ostertag,2014
2,762,Shawn,Bradley,1610612742.0,231.648,1993,Shawn Bradley,2014
3,1052,Ben,Handlogten,1610612762.0,185.928,Undrafted,Ben Handlogten,2014
4,1504,Danny,Fortson,1610612743.0,207.264,1997,Danny Fortson,2014
5,1505,Tariq,Abdul-Wahad,1610612758.0,201.16799999999998,1997,Tariq Abdul-Wahad,2014
6,1514,Paul,Grant,0.0,213.36,1997,Paul Grant,2014
7,1711,Raef,LaFrentz,1610612743.0,186.23280000000003,1998,Raef LaFrentz,2014
8,1721,Keon,Clark,1610612743.0,186.23280000000003,1998,Keon Clark,2014
9,1723,Matt,Harpring,1610612762.0,204.216,1998,Matt Harpring,2014
10,2068,Lavor,Postell,1610612752.0,198.12,2000,Lavor Postell,2014
12,2221,Raul,Lopez,0.0,182.88,2001,Raul Lopez,2014
13,2412,Jiri,Welsch,1610612738.0,204.216,2002,Jiri Welsch,2014
14,2414,Curtis,Borchardt,1610612762.0,213.36,2002,Curtis Borchardt,2014
17,389,Toni,Kukoc,1610612741.0,186.23280000000003,1990,Toni Kukoc,2014
18,953,Lorenzen,Wright,1610612763.0,186.23280000000003,1996,Lorenzen Wright,2014
19,1065,Erick,Strickland,1610612742.0,192.024,Undrafted,Erick Strickland,2014
20,1800,Damon,Jones,1610612739.0,192.024,Undrafted,Damon Jones,2014
21,2031,Stromile,Swift,1610612763.0,185.928,2000,Stromile Swift,2014
22,2054,Jake,Tsakalidis,1610612756.0,219.45600000000002,2000,Jake Tsakalidis,2014
23,2091,Daniel,Santiago,1610612749.0,216.408,Undrafted,Daniel Santiago,2014
24,2415,Ryan,Humphrey,0.0,207.264,2002,Ryan Humphrey,2014
25,2559,Troy,Bell,1610612763.0,185.928,2003,Troy Bell,2014
26,2604,Theron,Smith,0.0,207.264,Undrafted,Theron Smith,2014
27,2652,Shelton,Jones,1610612755.0,207.264,1988,Shelton Jones,2014
29,2697,Antonio,Meeking,0.0,,Undrafted,Antonio Meeking,2014
30,713,Chris,Carr,0.0,201.16799999999998,1995,Chris Carr,2014
31,722,Corliss,Williamson,1610612758.0,204.216,1995,Corliss Williamson,2014
32,922,Elden,Campbell,1610612747.0,213.36,1990,Elden Campbell,2014
33,1032,Darvin,Ham,1610612749.0,204.216,Undrafted,Darvin Ham,2014
34,1565,Michael,Stewart,1610612761.0,185.928,Undrafted,Michael Stewart,2014
35,1741,Jelani,McCoy,0.0,185.928,1998,Jelani McCoy,2014
36,1743,Bruno,Sundov,1610612754.0,219.45600000000002,1998,Bruno Sundov,2014
37,2036,Chris,Mihm,1610612739.0,213.36,2000,Chris Mihm,2014
38,2062,A.J.,Guyton,1610612741.0,188.976,2000,A.J. Guyton,2014
39,2347,Tang,Hamilton,1610612748.0,207.264,Undrafted,Tang Hamilton,2014
40,2452,J.R.,Bremer,1610612738.0,188.976,Undrafted,J.R. Bremer,2014
42,692,Andrew,DeClercq,0.0,185.928,1995,Andrew DeClercq,2014
43,1731,Tyronn,Lue,1610612737.0,182.88,1998,Tyronn Lue,2014
44,1742,Shammond,Williams,1610612760.0,185.928,1998,Shammond Williams,2014
45,1921,Gordan,Giricek,1610612762.0,201.16799999999998,1999,Gordan Giricek,2014
46,2051,Donnell,Harvey,0.0,207.264,2000,Donnell Harvey,2014
47,2558,Reece,Gaines,0.0,201.16799999999998,2003,Reece Gaines,2014
49,2639,Britton,Johnsen,0.0,185.928,Undrafted,Britton Johnsen,2014
51,123,Robert,Pack,0.0,188.976,Undrafted,Robert Pack,2014
52,680,John,Amaechi,1610612753.0,185.928,Undrafted,John Amaechi,2014
53,754,Jim,Jackson,1610612742.0,201.16799999999998,1992,Jim Jackson,2014
54,757,Damon,Stoudamire,1610612757.0,155.44799999999998,1995,Damon Stoudamire,2014
55,976,Jeff,McInnis,0.0,195.072,1996,Jeff McInnis,2014
56,983,Moochie,Norris,1610612745.0,185.928,1996,Moochie Norris,2014
57,1507,Derek,Anderson,1610612757.0,198.12,1997,Derek Anderson,2014
58,1509,Kelvin,Cato,1610612745.0,186.23280000000003,1997,Kelvin Cato,2014
59,1739,Ruben,Patterson,0.0,198.12,1998,Ruben Patterson,2014
60,1749,Cuttino,Mobley,1610612745.0,195.072,1998,Cuttino Mobley,2014
61,1883,Steve,Francis,1610612745.0,192.024,1999,Steve Francis,2014
63,2055,Mamadou,N'diaye,1610612761.0,213.36,2000,Mamadou N'diaye,2014
64,2204,Eddie,Griffin,0.0,210.312,2001,Eddie Griffin,2014
65,2257,Ruben,Boumtje-Boumtje,1610612757.0,213.36,2001,Ruben Boumtje-Boumtje,2014
66,2411,Bostjan,Nachbar,1610612751.0,210.312,2002,Bostjan Nachbar,2014
67,2417,Qyntel,Woods,1610612757.0,207.264,2002,Qyntel Woods,2014
68,2438,Jason,Jennings,0.0,,2002,Jason Jennings,2014
69,2508,Gabe,Muoneke,0.0,,Undrafted,Gabe Muoneke,2014
70,2637,Alex,Scales,0.0,195.072,Undrafted,Alex Scales,2014
71,2683,David,Jackson,0.0,,Undrafted,David Jackson,2014
72,42,Monty,Williams,1610612753.0,207.264,1994,Monty Williams,2014
73,224,Eddie,Jones,1610612748.0,201.16799999999998,1994,Eddie Jones,2014
74,243,Aaron,McKie,1610612755.0,198.12,1994,Aaron McKie,2014
75,258,Brian,Grant,1610612748.0,210.312,1994,Brian Grant,2014
76,299,Glenn,Robinson,1610612749.0,204.216,1994,Glenn Robinson,2014
77,727,Eric,Snow,1610612755.0,192.024,1995,Eric Snow,2014
78,961,John,Wallace,1610612761.0,210.312,1996,John Wallace,2014
79,1043,Amal,McCaskill,1610612755.0,186.23280000000003,1996,Amal McCaskill,2014
80,2253,Sean,Lampley,0.0,201.16799999999998,2001,Sean Lampley,2014
81,2271,Robb,Dryden,0.0,,Undrafted,Robb Dryden,2014
82,2343,Joe,Crispin,1610612756.0,182.88,Undrafted,Joe Crispin,2014
83,2439,Sam,Clancy,0.0,,2002,Sam Clancy,2014
84,77,Doug,Overton,1610612764.0,192.024,1991,Doug Overton,2014
85,297,Alonzo,Mourning,1610612748.0,185.928,1992,Alonzo Mourning,2014
86,339,Tom,Gugliotta,1610612756.0,185.928,1992,Tom Gugliotta,2014
87,358,Anfernee,Hardaway,0.0,204.216,1993,Anfernee Hardaway,2014
88,446,Lucious,Harris,0.0,198.12,1993,Lucious Harris,2014
89,915,Rodney,Rogers,1610612746.0,204.216,1993,Rodney Rogers,2014
90,950,Stephon,Marbury,1610612752.0,188.976,1996,Stephon Marbury,2014
91,954,Kerry,Kittles,0.0,198.12,1996,Kerry Kittles,2014
92,1425,Aaron,Williams,0.0,210.312,Undrafted,Aaron Williams,2014
93,1510,Brevin,Knight,1610612739.0,155.44799999999998,1997,Brevin Knight,2014
94,2135,Nick,Sheppard,0.0,,Undrafted,Nick Sheppard,2014
95,2220,Brandon,Armstrong,1610612751.0,198.12,2001,Brandon Armstrong,2014
96,2418,Casey,Jacobsen,1610612756.0,201.16799999999998,2002,Casey Jacobsen,2014
97,2425,Robert,Archibald,1610612761.0,186.23280000000003,2002,Robert Archibald,2014
98,2447,Tamar,Slay,0.0,207.264,2002,Tamar Slay,2014
99,2565,Zoran,Planinic,0.0,,2003,Zoran Planinic,2014
100,57,Doug,Christie,0.0,201.16799999999998,1992,Doug Christie,2014
101,124,Vlade,Divac,1610612747.0,216.408,1989,Vlade Divac,2014
102,763,Tony,Massenburg,1610612763.0,210.312,1990,Tony Massenburg,2014
103,1517,Bobby,Jackson,1610612758.0,185.928,1997,Bobby Jackson,2014
104,1542,Predrag,Drobnjak,1610612760.0,186.23280000000003,1997,Predrag Drobnjak,2014
105,1762,Tremaine,Fowlkes,0.0,207.264,1998,Tremaine Fowlkes,2014
106,1934,Rodney,Buford,1610612751.0,198.12,1999,Rodney Buford,2014
108,43,Chris,Whitney,1610612764.0,182.88,1993,Chris Whitney,2014
109,221,Clar.,Weatherspoon,1610612755.0,204.216,1992,Clar. Weatherspoon,2014
110,348,Mitchell,Butler,1610612764.0,198.12,Undrafted,Mitchell Butler,2014
111,363,Christian,Laettner,1610612750.0,186.23280000000003,1992,Christian Laettner,2014
112,369,Charlie,Ward,0.0,188.976,1994,Charlie Ward,2014
113,458,Howard,Eisley,1610612762.0,188.976,1994,Howard Eisley,2014
114,969,Travis,Knight,1610612747.0,213.36,1996,Travis Knight,2014
115,1000,Shandon,Anderson,1610612752.0,201.16799999999998,1996,Shandon Anderson,2014
116,1496,Keith,Van Horn,1610612751.0,185.928,1997,Keith Van Horn,2014
117,1720,Michael,Doleac,1610612753.0,186.23280000000003,1998,Michael Doleac,2014
118,1751,Jahidi,White,0.0,210.312,1998,Jahidi White,2014
119,2421,Frank,Williams,1610612752.0,192.024,2002,Frank Williams,2014
120,2573,Maciej,Lampe,1610612756.0,186.23280000000003,2003,Maciej Lampe,2014
121,2672,Ronald,Blackshear,0.0,,Undrafted,Ronald Blackshear,2014
122,1521,Jacque,Vaughn,1610612762.0,185.928,1997,Jacque Vaughn,2014
123,1544,Chris,Crawford,1610612737.0,210.312,1997,Chris Crawford,2014
124,1901,Dion,Glover,0.0,198.12,1999,Dion Glover,2014
125,1918,Obinna,Ekezie,0.0,210.312,1999,Obinna Ekezie,2014
126,1924,Lee,Nailon,0.0,210.312,1999,Lee Nailon,2014
127,2470,Smush,Parker,1610612747.0,195.072,Undrafted,Smush Parker,2014
128,63,Michael,Smith,1610612758.0,207.264,1994,Michael Smith,2014
129,383,Kendall,Gill,0.0,198.12,1990,Kendall Gill,2014
130,397,Reggie,Miller,1610612754.0,204.216,1987,Reggie Miller,2014
131,923,Donyell,Marshall,1610612744.0,210.312,1994,Donyell Marshall,2014
132,1506,Austin,Croshere,0.0,185.928,1997,Austin Croshere,2014
133,1513,Scot,Pollard,1610612758.0,186.23280000000003,1997,Scot Pollard,2014
134,2033,Marcus,Fizer,0.0,,2000,Marcus Fizer,2014
135,2241,Omar,Cook,1610612757.0,185.928,2001,Omar Cook,2014
136,2249,Jamison,Brewer,0.0,195.072,2001,Jamison Brewer,2014
137,2410,Fred,Jones,1610612754.0,188.976,2002,Fred Jones,2014
138,2437,Lonny,Baxter,1610612741.0,207.264,2002,Lonny Baxter,2014
139,2606,Carl,English,0.0,,Undrafted,Carl English,2014
140,452,Vin,Baker,1610612760.0,186.23280000000003,1993,Vin Baker,2014
141,677,Eric,Williams,0.0,207.264,1995,Eric Williams,2014
142,952,Antoine,Walker,1610612738.0,210.312,1996,Antoine Walker,2014
143,962,Walter,McCarty,1610612738.0,185.928,1996,Walter McCarty,2014
144,1548,Mark,Blount,1610612738.0,213.36,1997,Mark Blount,2014
145,1601,Rusty,LaRue,0.0,192.024,Undrafted,Rusty LaRue,2014
146,2043,Mateen,Cleaves,0.0,188.976,2000,Mateen Cleaves,2014
147,2208,Kedrick,Brown,0.0,204.216,2001,Kedrick Brown,2014
148,2599,Brandon,Hunter,1610612738.0,204.216,2003,Brandon Hunter,2014
149,15,Eric,Piatkowski,1610612746.0,204.216,1994,Eric Piatkowski,2014
150,699,Brent,Barry,1610612760.0,204.216,1995,Brent Barry,2014
151,958,Vitaly,Potapenko,1610612738.0,185.928,1996,Vitaly Potapenko,2014
152,1738,Ansu,Sesay,0.0,210.312,1998,Ansu Sesay,2014
153,1744,Jerome,James,1610612760.0,216.408,1998,Jerome James,2014
154,1916,Calvin,Booth,1610612760.0,186.23280000000003,1999,Calvin Booth,2014
156,133,David,Wesley,1610612766.0,185.928,Undrafted,David Wesley,2014
157,248,George,Lynch,1610612740.0,207.264,1993,George Lynch,2014
158,278,Stacey,Augmon,1610612737.0,207.264,1991,Stacey Augmon,2014
159,353,Darrell,Armstrong,1610612753.0,185.928,Undrafted,Darrell Armstrong,2014
160,399,Sean,Rooks,1610612746.0,185.928,1992,Sean Rooks,2014
161,1714,Robert,Traylor,1610612739.0,207.264,1998,Robert Traylor,2014
162,1760,Derrick,Dial,1610612759.0,195.072,1998,Derrick Dial,2014
163,2042,Courtney,Alexander,1610612764.0,198.12,2000,Courtney Alexander,2014
164,2228,Alton,Ford,0.0,210.312,2001,Alton Ford,2014
165,213,Antonio,Davis,0.0,210.312,1990,Antonio Davis,2014
166,441,Lamond,Murray,1610612746.0,204.216,1994,Lamond Murray,2014
167,688,Michael,Curry,0.0,198.12,Undrafted,Michael Curry,2014
168,966,Jerome,Williams,1610612765.0,210.312,1996,Jerome Williams,2014
169,1541,Alvin,Williams,0.0,198.12,1997,Alvin Williams,2014
170,1960,Milt,Palacio,1610612761.0,195.072,Undrafted,Milt Palacio,2014
171,2040,Jerome,Moiso,0.0,185.928,2000,Jerome Moiso,2014
172,2370,Mengke,Bateer,0.0,186.23280000000003,Undrafted,Mengke Bateer,2014
173,361,Clifford,Robinson,1610612757.0,185.928,1989,Clifford Robinson,2014
174,384,Calbert,Cheaney,1610612764.0,204.216,1993,Calbert Cheaney,2014
175,905,Dale,Davis,1610612754.0,186.23280000000003,1991,Dale Davis,2014
176,935,Bryon,Russell,0.0,204.216,1993,Bryon Russell,2014
177,998,Mark,Pope,1610612749.0,185.928,1996,Mark Pope,2014
178,1761,Greg,Buckner,1610612742.0,195.072,1998,Greg Buckner,2014
179,2035,DerMarr,Johnson,1610612743.0,210.312,2000,DerMarr Johnson,2014
180,2206,Rodney,White,1610612743.0,210.312,2001,Rodney White,2014
181,2684,Melvin,Sanders,0.0,198.12,Undrafted,Melvin Sanders,2014
182,2784,Luis,Flores,1610612744.0,188.976,2004,Luis Flores,2014
184,89,Nick,Van Exel,1610612747.0,185.928,1993,Nick Van Exel,2014
185,120,Steven,Smith,1610612737.0,207.264,1991,Steven Smith,2014
186,949,Shareef,Abdur-Rahim,1610612763.0,210.312,1996,Shareef Abdur-Rahim,2014
187,2499,Richie,Frahm,0.0,198.12,Undrafted,Richie Frahm,2014
188,2774,Bernard,Robinson,1610612766.0,201.16799999999998,2004,Bernard Robinson,2014
189,145,Tracy,Murray,0.0,204.216,1992,Tracy Murray,2014
190,208,Sam,Cassell,1610612749.0,192.024,1993,Sam Cassell,2014
191,697,Fred,Hoiberg,1610612741.0,198.12,1995,Fred Hoiberg,2014
192,911,Ervin,Johnson,1610612749.0,186.23280000000003,1993,Ervin Johnson,2014
193,924,Anthony,Goldwire,0.0,188.976,1994,Anthony Goldwire,2014
194,1519,John,Thomas,1610612761.0,210.312,1997,John Thomas,2014
195,1709,Michael,Olowokandi,1610612746.0,213.36,1998,Michael Olowokandi,2014
196,1887,Wally,Szczerbiak,1610612750.0,204.216,1999,Wally Szczerbiak,2014
197,2058,Mark,Madsen,1610612750.0,210.312,2000,Mark Madsen,2014
198,2569,Ndudi,Ebi,1610612750.0,210.312,2003,Ndudi Ebi,2014
199,2598,Rick,Rickert,0.0,,2003,Rick Rickert,2014
200,2786,Blake,Stepp,0.0,,2004,Blake Stepp,2014
201,2866,Jackie,Butler,1610612752.0,185.928,Undrafted,Jackie Butler,2014
202,2867,Kasib,Powell,1610612748.0,204.216,Undrafted,Kasib Powell,2014
203,185,Chris,Webber,0.0,185.928,1993,Chris Webber,2014
204,1893,Aleksandar,Radojevic,0.0,222.504,1999,Aleksandar Radojevic,2014
205,2693,Keith,McLeod,1610612762.0,188.976,Undrafted,Keith McLeod,2014
206,2745,Kirk,Snyder,1610612740.0,201.16799999999998,2004,Kirk Snyder,2014
207,2777,Ricky,Minard,0.0,,2004,Ricky Minard,2014
209,2845,Erik,Daniels,0.0,,Undrafted,Erik Daniels,2014
211,2849,Tony,Bland,0.0,,Undrafted,Tony Bland,2014
212,2850,Anwar,Ferguson,0.0,,Undrafted,Anwar Ferguson,2014
213,56,Gary,Payton,1610612760.0,195.072,1990,Gary Payton,2014
214,1500,Ron,Mercer,0.0,204.216,1997,Ron Mercer,2014
215,2074,Jabari,Smith,1610612758.0,186.23280000000003,2000,Jabari Smith,2014
216,2245,Damone,Brown,0.0,207.264,2001,Damone Brown,2014
217,2770,Justin,Reed,0.0,207.264,2004,Justin Reed,2014
218,2827,Darius,Rice,0.0,,Undrafted,Darius Rice,2014
219,2852,Awvee,Storey,1610612749.0,201.16799999999998,Undrafted,Awvee Storey,2014
220,1442,Zeljko,Rebraca,1610612765.0,213.36,1994,Zeljko Rebraca,2014
221,1594,Rick,Brunson,1610612757.0,195.072,Undrafted,Rick Brunson,2014
223,1892,Trajan,Langdon,0.0,,1999,Trajan Langdon,2014
224,1908,Jumaine,Jones,1610612739.0,207.264,1999,Jumaine Jones,2014
225,2079,Kaniel,Dickens,0.0,207.264,2000,Kaniel Dickens,2014
226,2242,Terence,Morris,0.0,,2001,Terence Morris,2014
227,2357,Tierre,Brown,0.0,188.976,Undrafted,Tierre Brown,2014
228,2763,Lionel,Chalmers,1610612746.0,182.88,2004,Lionel Chalmers,2014
229,2800,Tony,Bobbitt,0.0,195.072,Undrafted,Tony Bobbitt,2014
232,2859,Jerry,Dupree,0.0,,Undrafted,Jerry Dupree,2014
233,72,Kenny,Anderson,0.0,185.928,1991,Kenny Anderson,2014
234,292,Anthony,Miller,0.0,210.312,1994,Anthony Miller,2014
235,445,Wesley,Person,1610612739.0,201.16799999999998,1994,Wesley Person,2014
236,468,Jon,Barry,0.0,198.12,1992,Jon Barry,2014
237,788,Kevin,Willis,1610612737.0,213.36,1984,Kevin Willis,2014
238,1917,Wang,Zhi-zhi,0.0,216.408,1999,Wang Zhi-zhi,2014
239,2044,Jason,Collier,1610612737.0,213.36,2000,Jason Collier,2014
240,2602,Jerome,Beasley,1610612748.0,210.312,2003,Jerome Beasley,2014
241,2764,Donta,Smith,1610612737.0,204.216,2004,Donta Smith,2014
242,2782,Matt,Freije,0.0,210.312,2004,Matt Freije,2014
243,955,Samaki,Walker,0.0,210.312,1996,Samaki Walker,2014
244,1919,Laron,Profit,0.0,198.12,1999,Laron Profit,2014
245,2762,Peter John,Ramos,0.0,222.504,2004,Peter John Ramos,2014
246,2798,Horace,Jenkins,1610612765.0,185.928,Undrafted,Horace Jenkins,2014
247,2809,Gerald,Fitch,0.0,192.024,Undrafted,Gerald Fitch,2014
248,2873,Billy,Thomas,1610612751.0,198.12,Undrafted,Billy Thomas,2014
249,87,Dikembe,Mutombo,1610612743.0,219.45600000000002,1991,Dikembe Mutombo,2014
250,1508,Maurice,Taylor,0.0,210.312,1997,Maurice Taylor,2014
251,1727,Pat,Garrity,1610612753.0,210.312,1998,Pat Garrity,2014
252,1909,Scott,Padgett,0.0,210.312,1999,Scott Padgett,2014
253,2214,Michael,Bradley,1610612761.0,185.928,2001,Michael Bradley,2014
254,2435,Mario,Kasun,1610612753.0,216.408,2002,Mario Kasun,2014
255,2451,Corsley,Edwards,0.0,210.312,2002,Corsley Edwards,2014
256,2583,Derrick,Zimmerman,0.0,192.024,2003,Derrick Zimmerman,2014
258,448,Bo,Outlaw,0.0,207.264,Undrafted,Bo Outlaw,2014
259,2766,Antonio,Burks,1610612763.0,182.88,2004,Antonio Burks,2014
260,2450,Randy,Holcomb,0.0,210.312,2002,Randy Holcomb,2014
261,2787,Rashad,Wright,0.0,,2004,Rashad Wright,2014
262,2823,John,Edwards,1610612737.0,213.36,Undrafted,John Edwards,2014
263,2824,Desmon,Farmer,0.0,198.12,Undrafted,Desmon Farmer,2014
264,136,P.J.,Brown,1610612740.0,186.23280000000003,1992,P.J. Brown,2014
265,2454,Junior,Harrington,1610612743.0,195.072,Undrafted,Junior Harrington,2014
266,2682,Alex,Garcia,0.0,192.024,Undrafted,Alex Garcia,2014
267,2826,Nate,Williams,0.0,,Undrafted,Nate Williams,2014
268,281,Scott,Williams,0.0,185.928,Undrafted,Scott Williams,2014
269,1956,Ira,Newble,1610612739.0,204.216,Undrafted,Ira Newble,2014
270,1531,Marc,Jackson,1610612755.0,185.928,1997,Marc Jackson,2014
271,147,Jalen,Rose,1610612754.0,207.264,1994,Jalen Rose,2014
272,970,Othella,Harrington,1610612752.0,210.312,1996,Othella Harrington,2014
273,1559,Adrian,Griffin,1610612742.0,198.12,Undrafted,Adrian Griffin,2014
274,2456,Cezary,Trybanski,1610612763.0,219.45600000000002,Undrafted,Cezary Trybanski,2014
275,2737,Rafael,Araujo,1610612761.0,186.23280000000003,2004,Rafael Araujo,2014
276,673,Alan,Henderson,1610612737.0,210.312,1995,Alan Henderson,2014
277,987,Jason,Sasser,1610612763.0,204.216,1996,Jason Sasser,2014
278,1967,Derek,Hood,1610612766.0,207.264,Undrafted,Derek Hood,2014
279,990,Malik,Rose,1610612759.0,204.216,1996,Malik Rose,2014
280,1477,Bruce,Bowen,1610612759.0,204.216,Undrafted,Bruce Bowen,2014
281,2781,Romain,Sato,0.0,,2004,Romain Sato,2014
282,2825,Ibrahim,Kutluay,0.0,201.16799999999998,Undrafted,Ibrahim Kutluay,2014
283,2839,James,Thomas,0.0,210.312,Undrafted,James Thomas,2014
285,934,Derrick,Coleman,0.0,185.928,1990,Derrick Coleman,2014
286,1954,Jason,Miskiri,0.0,188.976,Undrafted,Jason Miskiri,2014
287,1732,Felipe,Lopez,1610612763.0,198.12,1998,Felipe Lopez,2014
288,324,Anthony,Peeler,1610612750.0,195.072,1992,Anthony Peeler,2014
289,702,Voshon,Lenard,1610612748.0,195.072,1994,Voshon Lenard,2014
290,2776,Pape,Sow,1610612761.0,185.928,2004,Pape Sow,2014
291,1929,Galen,Young,0.0,,1999,Galen Young,2014
292,2321,Paul,Shirley,1610612756.0,185.928,Undrafted,Paul Shirley,2014
293,2560,Zarko,Cabarkapa,1610612744.0,186.23280000000003,2003,Zarko Cabarkapa,2014
294,2657,Yuta,Tabuse,0.0,179.83200000000002,Undrafted,Yuta Tabuse,2014
295,2741,Robert,Swift,1610612760.0,216.408,2004,Robert Swift,2014
296,2761,Jackson,Vroman,0.0,185.928,2004,Jackson Vroman,2014
297,109,Robert,Horry,1610612747.0,185.928,1992,Robert Horry,2014
298,1038,Juaquin,Hawkins,1610612745.0,204.216,Undrafted,Juaquin Hawkins,2014
299,1585,Brandon,Williams,0.0,201.16799999999998,Undrafted,Brandon Williams,2014
300,1735,Vladimir,Stepania,1610612748.0,216.408,1998,Vladimir Stepania,2014
301,2367,Geno,Carlisle,0.0,192.024,Undrafted,Geno Carlisle,2014
302,1607,Troy,Hudson,0.0,185.928,Undrafted,Troy Hudson,2014
303,2673,Hiram,Fuller,0.0,210.312,Undrafted,Hiram Fuller,2014
304,101149,Martynas,Andriuskevicius,1610612739.0,219.45600000000002,2005,Martynas Andriuskevicius,2014
305,101182,Donell,Taylor,1610612764.0,198.12,Undrafted,Donell Taylor,2014
307,101184,Deng,Gai,0.0,210.312,Undrafted,Deng Gai,2014
308,101247,Keith,Langford,0.0,195.072,Undrafted,Keith Langford,2014
310,960,Tony,Delk,1610612756.0,188.976,1996,Tony Delk,2014
311,101136,Salim,Stoudamire,1610612737.0,185.928,2005,Salim Stoudamire,2014
312,1983,Jermaine,Jackson,1610612761.0,198.12,Undrafted,Jermaine Jackson,2014
313,101188,Eddie,Basden,1610612741.0,198.12,Undrafted,Eddie Basden,2014
314,101185,Rawle,Marshall,1610612754.0,204.216,Undrafted,Rawle Marshall,2014
315,2098,Slava,Medvedenko,1610612747.0,185.928,Undrafted,Slava Medvedenko,2014
317,101180,Sarunas,Jasikevicius,0.0,,Undrafted,Sarunas Jasikevicius,2014
318,101251,Ricky,Shields,0.0,,Undrafted,Ricky Shields,2014
319,1985,Zendon,Hamilton,0.0,186.23280000000003,Undrafted,Zendon Hamilton,2014
320,2077,Mark,Karcher,0.0,,2000,Mark Karcher,2014
321,2591,James,Lang,0.0,185.928,2003,James Lang,2014
322,101156,Robert,Whaley,0.0,185.928,2005,Robert Whaley,2014
323,101258,Corey,Williams,1610612741.0,192.024,1992,Corey Williams,2014
324,101259,Toree,Morris,0.0,,Undrafted,Toree Morris,2014
325,101260,Bryant,Matthews,0.0,,Undrafted,Bryant Matthews,2014
326,101261,Andre,Owens,1610612754.0,195.072,Undrafted,Andre Owens,2014
327,101262,Cory,Violette,0.0,,Undrafted,Cory Violette,2014
330,101119,Rashad,McCants,1610612750.0,195.072,2005,Rashad McCants,2014
331,101152,Bracey,Wright,1610612750.0,192.024,2005,Bracey Wright,2014
333,101224,Deji,Akindele,0.0,,Undrafted,Deji Akindele,2014
335,1520,Charles,Smith,0.0,195.072,1997,Charles Smith,2014
336,2751,Viktor,Khryapa,0.0,,2004,Viktor Khryapa,2014
337,101230,Noel,Felix,1610612760.0,210.312,Undrafted,Noel Felix,2014
338,101213,Sharrod,Ford,0.0,210.312,Undrafted,Sharrod Ford,2014
339,101253,Olu,Famutimi,0.0,,Undrafted,Olu Famutimi,2014
341,1110,Mark,Strickland,0.0,185.928,Undrafted,Mark Strickland,2014
342,101207,Kevin,Burleson,1610612766.0,192.024,Undrafted,Kevin Burleson,2014
343,101212,Esteban,Batista,1610612737.0,185.928,Undrafted,Esteban Batista,2014
345,2256,Ken,Johnson,1610612748.0,185.928,2001,Ken Johnson,2014
346,1844,Fred,Vinson,0.0,195.072,Undrafted,Fred Vinson,2014
347,2750,Pavel,Podkolzin,0.0,228.6,2004,Pavel Podkolzin,2014
348,101117,Yaroslav,Korolev,1610612746.0,210.312,2005,Yaroslav Korolev,2014
349,101137,Daniel,Ewing,1610612746.0,192.024,2005,Daniel Ewing,2014
350,101238,Boniface,Ndong,0.0,213.36,Undrafted,Boniface Ndong,2014
351,101125,Julius,Hodge,0.0,204.216,2005,Julius Hodge,2014
352,101178,Arvydas,Macijauskas,1610612740.0,195.072,Undrafted,Arvydas Macijauskas,2014
356,103,Todd,Day,0.0,,1992,Todd Day,2014
357,2601,Andreas,Glyniadakis,0.0,216.408,2003,Andreas Glyniadakis,2014
358,101165,Alex,Acker,1610612746.0,198.12,2005,Alex Acker,2014
360,101134,Wayne,Simien,1610612748.0,210.312,2005,Wayne Simien,2014
361,101190,Matt,Walsh,0.0,201.16799999999998,Undrafted,Matt Walsh,2014
362,101252,Sean,Banks,0.0,,Undrafted,Sean Banks,2014
363,2251,Eric,Chenowith,0.0,,2001,Eric Chenowith,2014
364,2775,Seung-Jin,Ha,1610612757.0,222.504,2004,Seung-Jin Ha,2014
365,2833,Nigel,Dixon,0.0,,Undrafted,Nigel Dixon,2014
366,2469,Pat,Burke,1610612756.0,186.23280000000003,Undrafted,Pat Burke,2014
367,101159,Dijon,Thompson,0.0,207.264,2005,Dijon Thompson,2014
369,2841,Steven,Barber,0.0,,Undrafted,Steven Barber,2014
370,101239,Otis,George,0.0,,Undrafted,Otis George,2014
371,101147,Chris,Taft,1610612744.0,185.928,2005,Chris Taft,2014
372,101195,Luke,Schenscher,1610612741.0,216.408,Undrafted,Luke Schenscher,2014
376,101219,Anthony,Grundy,1610612737.0,192.024,Undrafted,Anthony Grundy,2014
377,2752,Sergei,Monia,0.0,207.264,2004,Sergei Monia,2014
384,2758,David,Harrison,1610612754.0,213.36,2004,David Harrison,2014
386,200816,Jorge,Garbajosa,0.0,210.312,Undrafted,Jorge Garbajosa,2014
387,200517,Joe,Shipp,0.0,,Undrafted,Joe Shipp,2014
388,200788,James,Augustine,1610612753.0,185.928,2006,James Augustine,2014
389,200835,Walter,Herrmann,1610612765.0,210.312,Undrafted,Walter Herrmann,2014
390,200849,Jackie,Manuel,0.0,,Undrafted,Jackie Manuel,2014
391,200810,Allan,Ray,0.0,,Undrafted,Allan Ray,2014
392,200819,Kevin,Pittsnogle,0.0,,Undrafted,Kevin Pittsnogle,2014
393,200836,Akin,Akingbala,0.0,,Undrafted,Akin Akingbala,2014
394,200759,Cedric,Simmons,1610612740.0,210.312,2006,Cedric Simmons,2014
395,200827,Darius,Washington,0.0,188.976,Undrafted,Darius Washington,2014
396,200862,Scooter,McFadgon,0.0,,Undrafted,Scooter McFadgon,2014
397,200805,JR,Pinnock,0.0,,2006,JR Pinnock,2014
398,200856,Brian,Chase,0.0,,Undrafted,Brian Chase,2014
399,2779,Vassilis,Spanoulis,1610612745.0,195.072,2004,Vassilis Spanoulis,2014
400,200825,Matt,Haryasz,0.0,,Undrafted,Matt Haryasz,2014
401,200823,Robert,Hite,0.0,188.976,Undrafted,Robert Hite,2014
403,2398,Jay,Williams,1610612741.0,188.976,2002,Jay Williams,2014
404,101148,Mile,Ilic,1610612751.0,216.408,2005,Mile Ilic,2014
405,200801,Hassan,Adams,0.0,195.072,2006,Hassan Adams,2014
406,200841,Cedric,Bozeman,0.0,201.16799999999998,Undrafted,Cedric Bozeman,2014
407,2696,Lynn,Greer,1610612749.0,188.976,Undrafted,Lynn Greer,2014
408,200786,David,Noel,1610612749.0,201.16799999999998,2006,David Noel,2014
409,200806,Damir,Markota,1610612749.0,185.928,2006,Damir Markota,2014
410,200840,Chris,McCray,0.0,198.12,Undrafted,Chris McCray,2014
412,200754,Mouhamed,Sene,1610612760.0,186.23280000000003,2006,Mouhamed Sene,2014
413,200787,Denham,Brown,0.0,,2006,Denham Brown,2014
414,200846,Kenny,Adeleke,0.0,,Undrafted,Kenny Adeleke,2014
415,200837,Mike,Hall,1610612764.0,207.264,Undrafted,Mike Hall,2014
416,200818,Justin,Williams,0.0,185.928,Undrafted,Justin Williams,2014
417,200828,Pat,Carroll,0.0,,Undrafted,Pat Carroll,2014
418,200790,Marcus,Vinicius,0.0,207.264,2006,Marcus Vinicius,2014
420,200857,Elton,Brown,0.0,,Undrafted,Elton Brown,2014
422,200859,Paul,Miller,0.0,,Undrafted,Paul Miller,2014
423,2810,Andre,Brown,0.0,210.312,Undrafted,Andre Brown,2014
424,200784,Bobby,Jones,1610612755.0,204.216,2006,Bobby Jones,2014
425,200829,Ivan,McFarlin,0.0,204.216,Undrafted,Ivan McFarlin,2014
426,200848,Steven,Smith,0.0,210.312,Undrafted,Steven Smith,2014
427,2822,Rich,Melzer,0.0,,Undrafted,Rich Melzer,2014
428,200815,Jamar,Smith,0.0,,Undrafted,Jamar Smith,2014
430,2402,Dajuan,Wagner,0.0,192.024,2002,Dajuan Wagner,2014
432,200844,Davin,White,0.0,,Undrafted,Davin White,2014
434,200812,Daniel,Horton,0.0,,Undrafted,Daniel Horton,2014
435,239,Darrick,Martin,0.0,155.7528,Undrafted,Darrick Martin,2014
436,100686,Michaela,Pavlickova,0.0,,2001,Michaela Pavlickova,2014
437,100729,Michelle,Snow,0.0,,2002,Michelle Snow,2014
438,101166,Uros,Slokar,1610612761.0,185.928,2005,Uros Slokar,2014
439,201172,Gabe,Pruitt,1610612738.0,195.072,2007,Gabe Pruitt,2014
440,201204,Brandon,Wallace,0.0,,Undrafted,Brandon Wallace,2014
442,200798,Cheikh,Samb,0.0,216.408,2006,Cheikh Samb,2014
443,200978,Jeremy,Richardson,1610612737.0,204.216,Undrafted,Jeremy Richardson,2014
444,201197,Sammy,Mejia,0.0,,2007,Sammy Mejia,2014
446,200557,Chet,Mason,0.0,,Undrafted,Chet Mason,2014
449,974,Joseph,Blair,0.0,,1996,Joseph Blair,2014
451,200799,Guillermo,Diaz,0.0,,2006,Guillermo Diaz,2014
452,201240,Brad,Stricker,0.0,,Undrafted,Brad Stricker,2014
453,201001,Andre,Patterson,0.0,,Undrafted,Andre Patterson,2014
454,2646,Kris,Lang,0.0,,Undrafted,Kris Lang,2014
455,201174,Nick,Fazekas,1610612746.0,186.23280000000003,2007,Nick Fazekas,2014
456,201232,Jared,Newson,0.0,,Undrafted,Jared Newson,2014
457,201176,Jermareo,Davidson,1610612766.0,185.928,2007,Jermareo Davidson,2014
458,201226,Kevin,Kruger,0.0,,Undrafted,Kevin Kruger,2014
459,201248,Anthony,Richardson,0.0,,Undrafted,Anthony Richardson,2014
460,2677,Kevin,Lyde,0.0,,Undrafted,Kevin Lyde,2014
461,201192,Taurean,Green,1610612743.0,182.88,2007,Taurean Green,2014
462,201015,Antywane,Robinson,0.0,,Undrafted,Antywane Robinson,2014
463,200583,Brandon,Robinson,0.0,,Undrafted,Brandon Robinson,2014
464,201231,Nik,Caner-Medley,0.0,,Undrafted,Nik Caner-Medley,2014
465,201239,Rashid,Byrd,0.0,,Undrafted,Rashid Byrd,2014
466,201213,Larry,Turner,0.0,,Undrafted,Larry Turner,2014
467,201195,Herbert,Hill,1610612755.0,185.928,2007,Herbert Hill,2014
468,200951,Chris,Ellis,0.0,,Undrafted,Chris Ellis,2014
469,201237,Brent,Petway,0.0,,Undrafted,Brent Petway,2014
470,201249,Jamaal,Tatum,0.0,,Undrafted,Jamaal Tatum,2014
471,2434,Juan Carlos,Navarro,0.0,,2002,Juan Carlos Navarro,2014
472,275,Allan,Houston,0.0,201.16799999999998,1993,Allan Houston,2014
473,201185,Jared,Jordan,0.0,,2007,Jared Jordan,2014
474,201236,Lukasz,Obrzut,0.0,,Undrafted,Lukasz Obrzut,2014
477,201634,DeMarcus,Nelson,1610612744.0,195.072,Undrafted,DeMarcus Nelson,2014
478,200555,TJ,Cummings,0.0,,Undrafted,TJ Cummings,2014
479,2226,Will,Solomon,0.0,185.928,2001,Will Solomon,2014
480,201631,Steven,Hill,0.0,213.36,Undrafted,Steven Hill,2014
483,201636,CJ,Giles,0.0,,Undrafted,CJ Giles,2014
484,200390,Cheyne,Gadson,0.0,,Undrafted,Cheyne Gadson,2014
485,201184,Reyshawn,Terry,0.0,,2007,Reyshawn Terry,2014
486,201642,Taj,McCullough,0.0,,Undrafted,Taj McCullough,2014
487,201650,JaJuan,Smith,0.0,,Undrafted,JaJuan Smith,2014
489,2587,Malick,Badiane,0.0,,2003,Malick Badiane,2014
490,101243,Chris,Alexander,0.0,,Undrafted,Chris Alexander,2014
491,201653,Coleman,Collins,0.0,,Undrafted,Coleman Collins,2014
493,201180,Yue,Sun,1610612747.0,210.312,2007,Yue Sun,2014
494,201641,Curtis,Sumpter,0.0,,Undrafted,Curtis Sumpter,2014
495,200510,Charles,Gaines,0.0,,Undrafted,Charles Gaines,2014
496,201613,Richard,Hendrix,0.0,,2008,Richard Hendrix,2014
498,201657,Gerry,McNamara,0.0,,Undrafted,Gerry McNamara,2014
502,1629216,Gabe,Vincent,1610612748.0,188.976,Undrafted,Gabe Vincent,2014
503,1629007,Jontay,Porter,1610612763.0,186.23280000000003,Undrafted,Jontay Porter,2014
504,1628987,Kevin,Hervey,1610612760.0,210.312,2018,Kevin Hervey,2014
505,1628778,Paul,Watson,0.0,201.16799999999998,Undrafted,Paul Watson,2014
506,1629643,Chuma,Okeke,1610612753.0,207.264,2019,Chuma Okeke,2014
507,1630168,Onyeka,Okongwu,1610612737.0,210.312,2020,Onyeka Okongwu,2014
508,1630175,Cole,Anthony,1610612753.0,192.024,2020,Cole Anthony,2014
509,1630211,Karim,Mane,0.0,192.024,Undrafted,Karim Mane,2014
510,1630219,Skylar,Mays,0.0,195.072,2020,Skylar Mays,2014
511,1630233,Nathan,Knight,1610612750.0,207.264,Undrafted,Nathan Knight,2014
512,1630257,Jon,Teske,0.0,216.408,Undrafted,Jon Teske,2014
513,1629071,LiAngelo,Ball,0.0,,2018,LiAngelo Ball,2014
514,1629619,Myles,Powell,1610612755.0,188.976,Undrafted,Myles Powell,2014
515,1629686,Deividas,Sirvydis,0.0,207.264,2019,Deividas Sirvydis,2014
516,1630165,Killian,Hayes,1610612765.0,198.12,2020,Killian Hayes,2014
517,1630167,Obi,Toppin,1610612752.0,210.312,2020,Obi Toppin,2014
518,1630180,Saddiq,Bey,1610612737.0,204.216,2020,Saddiq Bey,2014
519,1630191,Isaiah,Stewart,1610612765.0,207.264,2020,Isaiah Stewart,2014
520,1630193,Immanuel,Quickley,1610612752.0,188.976,2020,Immanuel Quickley,2014
521,1630237,Anthony,Lamb,1610612744.0,201.16799999999998,Undrafted,Anthony Lamb,2014
522,1630240,Saben,Lee,1610612756.0,188.976,2020,Saben Lee,2014
523,1629653,Devon,Dotson,0.0,185.928,Undrafted,Devon Dotson,2014
524,1630172,Patrick,Williams,1610612741.0,204.216,2020,Patrick Williams,2014
525,1630222,Mason,Jones,1610612747.0,195.072,Undrafted,Mason Jones,2014
526,1630231,Kenyon,Martin Jr.,1610612745.0,204.216,2020,Kenyon Martin Jr.,2014
527,1630243,Trevelin,Queen,0.0,201.16799999999998,Undrafted,Trevelin Queen,2014
528,1630256,Jae'Sean,Tate,1610612745.0,198.12,Undrafted,Jae'Sean Tate,2014
529,1630271,Brodric,Thomas,1610612738.0,198.12,Undrafted,Brodric Thomas,2014
530,1630187,Daniel,Oturu,0.0,207.264,2020,Daniel Oturu,2014
531,1630206,Jay,Scrubb,1610612753.0,198.12,2020,Jay Scrubb,2014
532,1630238,Malik,Fitts,1610612738.0,198.12,Undrafted,Malik Fitts,2014
533,1630259,Jordan,Ford,0.0,,Undrafted,Jordan Ford,2014
534,1629604,CJ,Elleby,1610612757.0,201.16799999999998,2020,CJ Elleby,2014
535,1630169,Tyrese,Haliburton,1610612754.0,198.12,2020,Tyrese Haliburton,2014
536,1630186,Jahmi'us,Ramsey,0.0,192.024,2020,Jahmi'us Ramsey,2014
537,1630218,Robert,Woodard II,1610612759.0,201.16799999999998,2020,Robert Woodard II,2014
538,1629602,Javin,DeLaurier,0.0,185.928,Undrafted,Javin DeLaurier,2014
539,1630163,LaMelo,Ball,1610612766.0,204.216,2020,LaMelo Ball,2014
540,1630176,Vernon,Carey Jr.,1610612762.0,185.928,2020,Vernon Carey Jr.,2014
541,1630201,Malachi,Flynn,1610612761.0,185.928,2020,Malachi Flynn,2014
542,1630203,Grant,Riller,1610612766.0,188.976,2020,Grant Riller,2014
543,1630208,Nick,Richards,1610612766.0,213.36,2020,Nick Richards,2014
544,1630223,Jalen,Harris,0.0,198.12,2020,Jalen Harris,2014
545,1630232,Kahlil,Whitney,0.0,,Undrafted,Kahlil Whitney,2014
546,1630268,Nate,Darling,1610612766.0,201.16799999999998,Undrafted,Nate Darling,2014
547,1630269,Keandre,Cook,0.0,,Undrafted,Keandre Cook,2014
548,1630270,Xavier,Sneed,1610612766.0,198.12,Undrafted,Xavier Sneed,2014
549,1629666,Charles,Matthews,0.0,,Undrafted,Charles Matthews,2014
550,1629760,Matt,Mooney,0.0,188.976,Undrafted,Matt Mooney,2014
551,1630171,Isaac,Okoro,1610612739.0,198.12,2020,Isaac Okoro,2014
552,1630199,Cassius,Stanley,0.0,198.12,2020,Cassius Stanley,2014
553,1630205,Lamar,Stevens,1610612739.0,201.16799999999998,Undrafted,Lamar Stevens,2014
554,1630262,Rayshaun,Hammonds,0.0,,Undrafted,Rayshaun Hammonds,2014
555,1630170,Devin,Vassell,1610612759.0,198.12,2020,Devin Vassell,2014
556,1630177,Theo,Maledon,1610612766.0,198.12,2020,Theo Maledon,2014
557,1630197,Aleksej,Pokusevski,1610612760.0,213.36,2020,Aleksej Pokusevski,2014
558,1630200,Tre,Jones,1610612759.0,185.928,2020,Tre Jones,2014
559,1629603,Mamadi,Diakite,1610612739.0,210.312,Undrafted,Mamadi Diakite,2014
560,1629670,Jordan,Nwora,1610612754.0,210.312,2020,Jordan Nwora,2014
561,1630179,Tyrell,Terry,1610612763.0,188.976,2020,Tyrell Terry,2014
562,1630182,Josh,Green,1610612742.0,204.216,2020,Josh Green,2014
563,1630189,Tyler,Bey,1610612742.0,204.216,2020,Tyler Bey,2014
564,1630207,Nate,Hinton,1610612754.0,198.12,Undrafted,Nate Hinton,2014
565,1630241,Sam,Merrill,1610612739.0,195.072,2020,Sam Merrill,2014
566,1630272,EJ,Montgomery,0.0,,Undrafted,EJ Montgomery,2014
567,1630273,Freddie,Gillespie,0.0,210.312,Undrafted,Freddie Gillespie,2014
568,1629958,Ahmad,Caver,0.0,188.976,2019,Ahmad Caver,2014
569,1630162,Anthony,Edwards,1610612750.0,195.072,2020,Anthony Edwards,2014
570,1630183,Jaden,McDaniels,1610612750.0,210.312,2020,Jaden McDaniels,2014
571,1630204,Ashton,Hagans,0.0,192.024,Undrafted,Ashton Hagans,2014
572,1630214,Xavier,Tillman,1610612763.0,204.216,2020,Xavier Tillman,2014
573,1630217,Desmond,Bane,1610612763.0,198.12,2020,Desmond Bane,2014
574,1630253,Sean,McDermott,1610612763.0,201.16799999999998,Undrafted,Sean McDermott,2014
575,1630261,Jahlil,Tripp,0.0,,Undrafted,Jahlil Tripp,2014
576,1630278,Ade,Murkey,0.0,198.12,Undrafted,Ade Murkey,2014
577,1629700,Kaleb,Wesson,0.0,,Undrafted,Kaleb Wesson,2014
578,1630164,James,Wiseman,1610612765.0,213.36,2020,James Wiseman,2014
579,1630181,R.J.,Hampton,1610612765.0,195.072,2020,R.J. Hampton,2014
580,1630185,Nico,Mannion,1610612744.0,188.976,2020,Nico Mannion,2014
581,1630192,Zeke,Nnaji,1610612743.0,210.312,2020,Zeke Nnaji,2014
582,1630210,Markus,Howard,1610612743.0,155.44799999999998,Undrafted,Markus Howard,2014
583,1630263,Dwayne,Sutton,0.0,,Undrafted,Dwayne Sutton,2014
584,1630267,Facundo,Campazzo,0.0,155.44799999999998,Undrafted,Facundo Campazzo,2014
585,1628962,Udoka,Azubuike,1610612762.0,186.23280000000003,2020,Udoka Azubuike,2014
586,1630188,Jalen,Smith,1610612754.0,210.312,2020,Jalen Smith,2014
587,1630190,Elijah,Hughes,1610612757.0,198.12,2020,Elijah Hughes,2014
588,1630234,Ty-Shon,Alexander,1610612756.0,192.024,Undrafted,Ty-Shon Alexander,2014
589,1630235,Trent,Forrest,1610612737.0,195.072,Undrafted,Trent Forrest,2014
590,1630255,Jake,Toolson,0.0,,Undrafted,Jake Toolson,2014
591,1630265,Romaro,Gill,0.0,,Undrafted,Romaro Gill,2014
592,1629617,Reggie,Perry,0.0,207.264,2020,Reggie Perry,2014
593,1630166,Deni,Avdija,1610612764.0,210.312,2020,Deni Avdija,2014
594,1630213,Yoeli,Childs,0.0,,Undrafted,Yoeli Childs,2014
595,1630216,Cassius,Winston,1610612764.0,185.928,2020,Cassius Winston,2014
596,1630258,Caleb,Homesley,1610612764.0,201.16799999999998,Undrafted,Caleb Homesley,2014
597,1630260,Marlon,Taylor,0.0,,Undrafted,Marlon Taylor,2014
598,1630264,Anthony,Gill,1610612764.0,207.264,Undrafted,Anthony Gill,2014
599,1628974,Tony,Carr,0.0,,2018,Tony Carr,2014
600,1630173,Precious,Achiuwa,1610612761.0,207.264,2020,Precious Achiuwa,2014
601,1630184,Kira,Lewis Jr.,1610612740.0,185.928,2020,Kira Lewis Jr.,2014
602,1630220,Paul,Eboua,0.0,,Undrafted,Paul Eboua,2014
603,1630230,Naji,Marshall,1610612740.0,204.216,Undrafted,Naji Marshall,2014
604,1630254,Breein,Tyree,0.0,,Undrafted,Breein Tyree,2014
605,1630266,Will,Magnay,0.0,185.928,Undrafted,Will Magnay,2014
606,1630174,Aaron,Nesmith,1610612754.0,198.12,2020,Aaron Nesmith,2014
607,1630178,Tyrese,Maxey,1610612755.0,188.976,2020,Tyrese Maxey,2014
608,1630194,Paul,Reed,1610612755.0,210.312,2020,Paul Reed,2014
609,1630198,Isaiah,Joe,1610612760.0,192.024,2020,Isaiah Joe,2014
610,1630202,Payton,Pritchard,1610612738.0,185.928,2020,Payton Pritchard,2014
611,1630221,Josh,Hall,1610612760.0,210.312,Undrafted,Josh Hall,2014
612,1629681,Killian,Tillie,1610612763.0,210.312,Undrafted,Killian Tillie,2014
613,1629783,Shaq,Buchanan,0.0,192.024,Undrafted,Shaq Buchanan,2014
614,1630286,Trevon,Scott,0.0,207.264,Undrafted,Trevon Scott,2014
615,1629596,Bryce,Brown,0.0,,2019,Bryce Brown,2014
616,1630549,Day'Ron,Sharpe,1610612751.0,210.312,2021,Day'Ron Sharpe,2014
617,1630555,Joel,Ayayi,0.0,195.072,Undrafted,Joel Ayayi,2014
618,1630556,Kessler,Edwards,1610612758.0,204.216,2021,Kessler Edwards,2014
619,1630559,Austin,Reaves,1610612747.0,198.12,Undrafted,Austin Reaves,2014
620,1630560,Cam,Thomas,1610612751.0,192.024,2021,Cam Thomas,2014
621,1630561,David,Duke Jr.,1610612751.0,195.072,Undrafted,David Duke Jr.,2014
622,1630602,Chaundee,Brown Jr.,1610612737.0,198.12,Undrafted,Chaundee Brown Jr.,2014
623,1630644,Mac,McClung,1610612755.0,188.976,Undrafted,Mac McClung,2014
624,1629646,Charles,Bassey,1610612759.0,210.312,2021,Charles Bassey,2014
625,1630525,David,Johnson,1610612761.0,195.072,2021,David Johnson,2014
626,1630531,Jaden,Springer,1610612755.0,195.072,2021,Jaden Springer,2014
627,1630551,Justin,Champagnie,1610612738.0,201.16799999999998,Undrafted,Justin Champagnie,2014
628,1630565,Aaron,Henry,0.0,198.12,Undrafted,Aaron Henry,2014
629,1630567,Scottie,Barnes,1610612761.0,207.264,2021,Scottie Barnes,2014
630,1630625,Dalano,Banton,1610612761.0,204.216,2021,Dalano Banton,2014
631,1630688,Ish,Wainright,1610612756.0,198.12,Undrafted,Ish Wainright,2014
632,1630288,Jeff,Dowtin Jr.,1610612761.0,192.024,Undrafted,Jeff Dowtin Jr.,2014
633,1630532,Franz,Wagner,1610612753.0,185.928,2021,Franz Wagner,2014
634,1630573,Sam,Hauser,1610612738.0,204.216,Undrafted,Sam Hauser,2014
635,1630591,Jalen,Suggs,1610612753.0,198.12,2021,Jalen Suggs,2014
636,1630209,Omer,Yurtseven,1610612748.0,186.23280000000003,Undrafted,Omer Yurtseven,2014
637,1630536,Sharife,Cooper,1610612737.0,185.928,2021,Sharife Cooper,2014
638,1630552,Jalen,Johnson,1610612737.0,207.264,2021,Jalen Johnson,2014
639,1630585,Marcus,Garrett,0.0,198.12,Undrafted,Marcus Garrett,2014
640,1630597,DJ,Stewart,1610612759.0,198.12,Undrafted,DJ Stewart,2014
641,1630606,Javonte,Smart,1610612748.0,195.072,Undrafted,Javonte Smart,2014
642,1630639,A.J.,Lawson,1610612742.0,201.16799999999998,Undrafted,A.J. Lawson,2014
643,1630695,Micah,Potter,1610612762.0,207.264,Undrafted,Micah Potter,2014
644,1630696,Dru,Smith,1610612751.0,192.024,Undrafted,Dru Smith,2014
645,1629712,Didi,Louzada,1610612757.0,198.12,2019,Didi Louzada,2014
646,1630195,Leandro,Bolmaro,0.0,201.16799999999998,2020,Leandro Bolmaro,2014
647,1630529,Herbert,Jones,1610612740.0,204.216,2021,Herbert Jones,2014
648,1630530,Trey,Murphy III,1610612740.0,207.264,2021,Trey Murphy III,2014
649,1630593,McKinley,Wright IV,1610612742.0,155.7528,Undrafted,McKinley Wright IV,2014
650,1630627,Isaiah,Miller,0.0,,Undrafted,Isaiah Miller,2014
651,1630631,Jose,Alvarado,1610612740.0,182.88,Undrafted,Jose Alvarado,2014
652,1630665,Matt,Lewis,0.0,,Undrafted,Matt Lewis,2014
653,1629083,Arnoldas,Kulboka,1610612766.0,185.928,2018,Arnoldas Kulboka,2014
654,1630249,Vit,Krejci,1610612737.0,207.264,2020,Vit Krejci,2014
655,1630306,Rob,Edwards,0.0,198.12,Undrafted,Rob Edwards,2014
656,1630466,Gabriel,Deck,0.0,201.16799999999998,Undrafted,Gabriel Deck,2014
657,1630526,Jeremiah,Robinson-Earl,1610612760.0,207.264,2021,Jeremiah Robinson-Earl,2014
658,1630539,Kai,Jones,1610612766.0,186.23280000000003,2021,Kai Jones,2014
659,1630544,Tre,Mann,1610612760.0,192.024,2021,Tre Mann,2014
660,1630547,James,Bouknight,1610612766.0,195.072,2021,James Bouknight,2014
661,1630550,JT,Thor,1610612766.0,210.312,2021,JT Thor,2014
662,1630575,Scottie,Lewis,1610612766.0,198.12,2021,Scottie Lewis,2014
663,1630581,Josh,Giddey,1610612760.0,207.264,2021,Josh Giddey,2014
664,1630598,Aaron,Wiggins,1610612760.0,198.12,2021,Aaron Wiggins,2014
665,1630618,D.J.,Carton,0.0,,Undrafted,D.J. Carton,2014
666,1629111,Jock,Landale,1610612756.0,186.23280000000003,Undrafted,Jock Landale,2014
667,1630215,Jared,Butler,1610612760.0,192.024,2021,Jared Butler,2014
668,1630247,Derrick,Alston Jr.,0.0,,Undrafted,Derrick Alston Jr.,2014
669,1630563,Joshua,Primo,0.0,201.16799999999998,2021,Joshua Primo,2014
670,1630580,Joe,Wieskamp,1610612761.0,201.16799999999998,2021,Joe Wieskamp,2014
671,1630617,MaCio,Teague,0.0,,Undrafted,MaCio Teague,2014
672,1630228,Jonathan,Kuminga,1610612744.0,204.216,2021,Jonathan Kuminga,2014
673,1630535,Greg,Brown III,0.0,204.216,2021,Greg Brown III,2014
674,1630541,Moses,Moody,1610612744.0,198.12,2021,Moses Moody,2014
675,1630570,Trendon,Watford,1610612757.0,207.264,Undrafted,Trendon Watford,2014
676,1629674,Neemias,Queta,1610612758.0,213.36,2021,Neemias Queta,2014
677,1630558,Davion,Mitchell,1610612758.0,182.88,2021,Davion Mitchell,2014
678,1630569,DJ,Steward,0.0,,Undrafted,DJ Steward,2014
679,1630645,Matt,Coleman III,0.0,,Undrafted,Matt Coleman III,2014
680,1627822,Petr,Cornelie,0.0,186.23280000000003,2016,Petr Cornelie,2014
681,1630346,Matt,Ryan,1610612750.0,201.16799999999998,Undrafted,Matt Ryan,2014
682,1630527,Brandon,Boston Jr.,1610612746.0,201.16799999999998,2021,Brandon Boston Jr.,2014
683,1630538,Bones,Hyland,1610612746.0,188.976,2021,Bones Hyland,2014
684,1630553,Keon,Johnson,1610612757.0,192.024,2021,Keon Johnson,2014
685,1630554,Jason,Preston,1610612746.0,192.024,2021,Jason Preston,2014
686,1630589,Moses,Wright,1610612742.0,207.264,Undrafted,Moses Wright,2014
687,1629656,Quentin,Grimes,1610612752.0,198.12,2021,Quentin Grimes,2014
688,1630537,Chris,Duarte,1610612754.0,198.12,2021,Chris Duarte,2014
689,1630540,Miles,McBride,1610612752.0,188.976,2021,Miles McBride,2014
690,1630543,Isaiah,Jackson,1610612754.0,210.312,2021,Isaiah Jackson,2014
691,1630579,Jericho,Sims,1610612752.0,185.928,2021,Jericho Sims,2014
692,1630603,Aamir,Simms,0.0,,Undrafted,Aamir Simms,2014
693,1630610,DeJon,Jarreau,0.0,198.12,Undrafted,DeJon Jarreau,2014
694,1630613,Duane,Washington Jr.,1610612752.0,188.976,Undrafted,Duane Washington Jr.,2014
695,1630640,MJ,Walker,0.0,198.12,Undrafted,MJ Walker,2014
696,1630678,Terry,Taylor,1610612741.0,195.072,Undrafted,Terry Taylor,2014
697,1630245,Ayo,Dosunmu,1610612741.0,198.12,2021,Ayo Dosunmu,2014
698,1630596,Evan,Mobley,1610612739.0,186.23280000000003,2021,Evan Mobley,2014
699,1630612,RJ,Nembhard Jr.,1610612739.0,195.072,Undrafted,RJ Nembhard Jr.,2014
700,1630642,Mitch,Ballock,0.0,,Undrafted,Mitch Ballock,2014
701,1630679,Ethan,Thompson,0.0,,Undrafted,Ethan Thompson,2014
702,1630698,Kevin,Pangos,0.0,185.928,Undrafted,Kevin Pangos,2014
703,1630224,Jalen,Green,1610612745.0,195.072,2021,Jalen Green,2014
704,1630225,Isaiah,Todd,1610612764.0,210.312,2021,Isaiah Todd,2014
705,1630227,Daishen,Nix,1610612745.0,195.072,Undrafted,Daishen Nix,2014
706,1630528,Josh,Christopher,1610612745.0,195.072,2021,Josh Christopher,2014
707,1630557,Corey,Kispert,1610612764.0,201.16799999999998,2021,Corey Kispert,2014
708,1630578,Alperen,Sengun,1610612745.0,186.23280000000003,2021,Alperen Sengun,2014
709,1630586,Usman,Garuba,1610612745.0,207.264,2021,Usman Garuba,2014
710,1630643,Jay,Huff,1610612764.0,216.408,Undrafted,Jay Huff,2014
711,1630648,Jordan,Schakel,0.0,201.16799999999998,Undrafted,Jordan Schakel,2014
712,1630692,Jordan,Goodwin,1610612764.0,192.024,Undrafted,Jordan Goodwin,2014
713,1630693,Jaime,Echenique,0.0,185.928,Undrafted,Jaime Echenique,2014
714,1629091,Elijah,Bryant,1610612749.0,198.12,Undrafted,Elijah Bryant,2014
715,1630533,Ziaire,Williams,1610612763.0,210.312,2021,Ziaire Williams,2014
716,1630572,Sandro,Mamukelashvili,1610612759.0,185.928,2021,Sandro Mamukelashvili,2014
717,1630582,Yves,Pons,1610612763.0,198.12,Undrafted,Yves Pons,2014
718,1630583,Santi,Aldama,1610612763.0,213.36,2021,Santi Aldama,2014
719,1630686,Georgios,Kalaitzakis,0.0,204.216,2021,Georgios Kalaitzakis,2014
720,1630568,Luka,Garza,1610612750.0,185.928,2021,Luka Garza,2014
721,1630587,Isaiah,Livers,1610612765.0,201.16799999999998,2021,Isaiah Livers,2014
722,1630595,Cade,Cunningham,1610612765.0,204.216,2021,Cade Cunningham,2014
723,1630607,Chris,Smith,0.0,,Undrafted,Chris Smith,2014
724,1630691,Jamorko,Pickett,1610612765.0,210.312,Undrafted,Jamorko Pickett,2014
725,1630605,JaQuori,McLaughlin,0.0,195.072,Undrafted,JaQuori McLaughlin,2014
726,1630624,Feron,Hunt,1610612752.0,207.264,Undrafted,Feron Hunt,2014
727,1630637,Carlik,Jones,1610612741.0,182.88,Undrafted,Carlik Jones,2014
728,1630647,Eugene,Omoruyi,1610612765.0,201.16799999999998,Undrafted,Eugene Omoruyi,2014
729,1630250,Marko,Simonovic,1610612741.0,213.36,2020,Marko Simonovic,2014
730,1630651,Romeo,Weems,0.0,,Undrafted,Romeo Weems,2014
731,1630777,Jeremiah,Tilmon,0.0,,Undrafted,Jeremiah Tilmon,2014
732,1630622,Jalen,Crutcher,0.0,,Undrafted,Jalen Crutcher,2014
733,1630787,Cameron,McGriff,0.0,204.216,Undrafted,Cameron McGriff,2014
734,1630275,Jordan,Bowden,0.0,,Undrafted,Jordan Bowden,2014
735,1630672,Brandon,Rachal,0.0,,Undrafted,Brandon Rachal,2014
736,1630791,James,Banks III,0.0,,Undrafted,James Banks III,2014
737,1630792,Malcolm,Hill,0.0,201.16799999999998,Undrafted,Malcolm Hill,2014
738,1630793,Giorgi,Bezhanishvili,0.0,,Undrafted,Giorgi Bezhanishvili,2014
739,1630801,Ibi,Watson,0.0,,Undrafted,Ibi Watson,2014
740,1630675,Devontae,Shuler,0.0,,Undrafted,Devontae Shuler,2014
741,1630562,Matt,Hurt,0.0,,Undrafted,Matt Hurt,2014
742,1630835,LJ,Figueroa,0.0,,Undrafted,LJ Figueroa,2014
743,1630311,Pat,Spencer,0.0,,Undrafted,Pat Spencer,2014
744,1630652,Trevion,Williams,0.0,,Undrafted,Trevion Williams,2014
745,1631098,Johnny,Davis,1610612764.0,195.072,2022,Johnny Davis,2014
746,1631116,Patrick,Baldwin Jr.,1610612744.0,210.312,2022,Patrick Baldwin Jr.,2014
747,1631157,Ryan,Rollins,1610612744.0,192.024,2022,Ryan Rollins,2014
748,1631311,Lester,Quinones,1610612744.0,195.072,Undrafted,Lester Quinones,2014
749,1630492,Luca,Vildoza,1610612749.0,192.024,Undrafted,Luca Vildoza,2014
750,1630699,MarJon,Beauchamp,1610612749.0,204.216,2022,MarJon Beauchamp,2014
751,1631113,Kennedy,Chandler,0.0,155.7528,2022,Kennedy Chandler,2014
752,1631222,Jake,LaRavia,1610612763.0,204.216,2022,Jake LaRavia,2014
753,1631223,David,Roddy,1610612763.0,195.072,2022,David Roddy,2014
754,1631246,Vince,Williams Jr.,1610612763.0,195.072,2022,Vince Williams Jr.,2014
755,1631254,Kenneth,Lofton Jr.,1610612763.0,201.16799999999998,Undrafted,Kenneth Lofton Jr.,2014
756,1631260,AJ,Green,1610612749.0,198.12,Undrafted,AJ Green,2014
757,1631367,Jacob,Gilyard,1610612763.0,179.83200000000002,Undrafted,Jacob Gilyard,2014
758,1631368,Justin,Bean,0.0,,Undrafted,Justin Bean,2014
759,1631109,Mark,Williams,1610612766.0,213.36,2022,Mark Williams,2014
760,1631120,JD,Davison,1610612738.0,185.928,2022,JD Davison,2014
761,1631121,Bryce,McGowens,1610612766.0,201.16799999999998,2022,Bryce McGowens,2014
762,1631301,Jaylen,Sims,0.0,,Undrafted,Jaylen Sims,2014
763,1631347,Anthony,Duruji,0.0,,Undrafted,Anthony Duruji,2014
764,1631348,Isaiah,Whaley,0.0,,Undrafted,Isaiah Whaley,2014
765,1630534,Ochai,Agbaji,1610612762.0,198.12,2022,Ochai Agbaji,2014
766,1630548,Johnny,Juzang,1610612762.0,201.16799999999998,Undrafted,Johnny Juzang,2014
767,1631117,Walker,Kessler,1610612762.0,213.36,2022,Walker Kessler,2014
768,1631122,Gabe,Brown,0.0,,Undrafted,Gabe Brown,2014
769,1631132,Christian,Koloko,1610612761.0,213.36,2022,Christian Koloko,2014
770,1631199,Ron,Harper Jr.,1610612761.0,198.12,Undrafted,Ron Harper Jr.,2014
771,1631323,Simone,Fontecchio,1610612762.0,204.216,Undrafted,Simone Fontecchio,2014
772,1631095,Jabari,Smith Jr.,1610612745.0,186.23280000000003,2022,Jabari Smith Jr.,2014
773,1631102,TyTy,Washington Jr.,1610612745.0,192.024,2022,TyTy Washington Jr.,2014
774,1631103,Malaki,Branham,1610612759.0,195.072,2022,Malaki Branham,2014
775,1631104,Blake,Wesley,1610612759.0,195.072,2022,Blake Wesley,2014
776,1631106,Tari,Eason,1610612745.0,207.264,2022,Tari Eason,2014
777,1631110,Jeremy,Sochan,1610612759.0,207.264,2022,Jeremy Sochan,2014
778,1631160,Jordan,Hall,0.0,204.216,Undrafted,Jordan Hall,2014
779,1631230,Dominick,Barlow,1610612759.0,210.312,Undrafted,Dominick Barlow,2014
780,1631309,Trevor,Hudgins,1610612745.0,182.88,Undrafted,Trevor Hudgins,2014
781,1631339,Tommy,Kuhse,0.0,,Undrafted,Tommy Kuhse,2014
782,1630564,RaiQuan,Gray,1610612751.0,204.216,2021,RaiQuan Gray,2014
783,1630577,Julian,Champagnie,1610612759.0,204.216,Undrafted,Julian Champagnie,2014
784,1630701,Michael,Foster Jr.,0.0,207.264,Undrafted,Michael Foster Jr.,2014
785,1631214,Alondes,Williams,0.0,195.072,Undrafted,Alondes Williams,2014
786,1630284,Kevon,Harris,1610612753.0,201.16799999999998,Undrafted,Kevon Harris,2014
787,1630285,Zavier,Simpson,0.0,182.88,Undrafted,Zavier Simpson,2014
788,1630758,Aleem,Ford,0.0,207.264,Undrafted,Aleem Ford,2014
789,1631094,Paolo,Banchero,1610612753.0,185.928,2022,Paolo Banchero,2014
790,1631216,Caleb,Houstan,1610612753.0,207.264,2022,Caleb Houstan,2014
791,1630248,Sacha,Killeya-Jones,0.0,,Undrafted,Sacha Killeya-Jones,2014
792,1630322,Lindy,Waters III,1610612760.0,201.16799999999998,Undrafted,Lindy Waters III,2014
793,1631114,Jalen,Williams,1610612760.0,198.12,2022,Jalen Williams,2014
794,1631119,Jaylin,Williams,1610612760.0,210.312,2022,Jaylin Williams,2014
795,1631128,Christian,Braun,1610612743.0,201.16799999999998,2022,Christian Braun,2014
796,1631172,Ousmane,Dieng,1610612760.0,210.312,2022,Ousmane Dieng,2014
797,1631212,Peyton,Watson,1610612743.0,204.216,2022,Peyton Watson,2014
798,1631242,Kellan,Grady,0.0,,Undrafted,Kellan Grady,2014
799,1631298,Jack,White,1610612743.0,204.216,Undrafted,Jack White,2014
800,1631317,Adonis,Arms,0.0,,Undrafted,Adonis Arms,2014
801,1631371,Grant,Golden,0.0,,Undrafted,Grant Golden,2014
802,1630590,Scotty,Pippen Jr.,1610612747.0,185.928,Undrafted,Scotty Pippen Jr.,2014
803,1631099,Keegan,Murray,1610612758.0,207.264,2022,Keegan Murray,2014
804,1631108,Max,Christie,1610612747.0,198.12,2022,Max Christie,2014
805,1631165,Keon,Ellis,1610612758.0,192.024,Undrafted,Keon Ellis,2014
806,1631306,Cole,Swider,1610612747.0,210.312,Undrafted,Cole Swider,2014
807,1631320,Chima,Moneke,0.0,198.12,Undrafted,Chima Moneke,2014
808,1631322,Javante,McCoy,0.0,,Undrafted,Javante McCoy,2014
809,1629875,Xavier,Moon,1610612746.0,182.88,Undrafted,Xavier Moon,2014
810,1630314,Brandon,Williams,1610612757.0,188.976,Undrafted,Brandon Williams,2014
811,1630846,Olivier,Sarr,1610612760.0,186.23280000000003,Undrafted,Olivier Sarr,2014
812,1631101,Shaedon,Sharpe,1610612757.0,198.12,2022,Shaedon Sharpe,2014
813,1631133,Jabari,Walker,1610612757.0,204.216,2022,Jabari Walker,2014
814,1631197,Jared,Rhoden,1610612765.0,201.16799999999998,Undrafted,Jared Rhoden,2014
815,1631217,Moussa,Diabate,1610612746.0,185.928,2022,Moussa Diabate,2014
816,1631238,Michael,Devoe,0.0,,Undrafted,Michael Devoe,2014
817,1631351,Lucas,Williamson,0.0,,Undrafted,Lucas Williamson,2014
818,1630296,Braxton,Key,0.0,207.264,Undrafted,Braxton Key,2014
819,1630649,Stanley,Umude,0.0,201.16799999999998,Undrafted,Stanley Umude,2014
820,1631093,Jaden,Ivey,1610612765.0,195.072,2022,Jaden Ivey,2014
821,1631105,Jalen,Duren,1610612765.0,186.23280000000003,2022,Jalen Duren,2014
822,1631205,Buddy,Boeheim,1610612765.0,201.16799999999998,Undrafted,Buddy Boeheim,2014
823,1631211,Trevor,Keels,1610612752.0,195.072,2022,Trevor Keels,2014
824,1631262,Jules,Bernard,0.0,,Undrafted,Jules Bernard,2014
825,1630620,Darius,Days,1610612745.0,204.216,Undrafted,Darius Days,2014
826,1631107,Nikola,Jovic,1610612748.0,185.928,2022,Nikola Jovic,2014
827,1631111,Wendell,Moore Jr.,1610612750.0,198.12,2022,Wendell Moore Jr.,2014
828,1631115,Orlando,Robinson,1610612748.0,185.928,Undrafted,Orlando Robinson,2014
829,1631123,Jamaree,Bouyea,0.0,188.976,Undrafted,Jamaree Bouyea,2014
830,1631169,Josh,Minott,1610612750.0,207.264,2022,Josh Minott,2014
831,1631288,Jamal,Cain,1610612748.0,201.16799999999998,Undrafted,Jamal Cain,2014
832,1630566,John,Petty Jr.,0.0,,Undrafted,John Petty Jr.,2014
833,1630700,Dyson,Daniels,1610612740.0,204.216,2022,Dyson Daniels,2014
834,1631171,Justin,Lewis,1610612741.0,204.216,Undrafted,Justin Lewis,2014
835,1631207,Dalen,Terry,1610612741.0,204.216,2022,Dalen Terry,2014
836,1631219,John,Butler Jr.,1610612757.0,213.36,Undrafted,John Butler Jr.,2014
837,1631220,Dereon,Seabron,1610612740.0,198.12,Undrafted,Dereon Seabron,2014
838,1631342,Daeqwon,Plowden,0.0,,Undrafted,Daeqwon Plowden,2014
839,1629614,Andrew,Nembhard,1610612754.0,192.024,2022,Andrew Nembhard,2014
840,1631097,Bennedict,Mathurin,1610612754.0,198.12,2022,Bennedict Mathurin,2014
841,1631112,Kendall,Brown,1610612754.0,204.216,2022,Kendall Brown,2014
842,1630600,Isaiah,Mobley,1610612739.0,207.264,2022,Isaiah Mobley,2014
843,1629788,Tyler,Hall,0.0,198.12,Undrafted,Tyler Hall,2014
844,1630702,Jaden,Hardy,1610612742.0,192.024,2022,Jaden Hardy,2014
845,1631096,Chet,Holmgren,1610612760.0,216.408,2022,Chet Holmgren,2014
846,1631234,Marcus,Bingham Jr.,0.0,,Undrafted,Marcus Bingham Jr.,2014
847,1631338,Mouhamadou,Gueye,0.0,,Undrafted,Mouhamadou Gueye,2014
848,1630623,Tyson,Etienne,0.0,,Undrafted,Tyson Etienne,2014
849,1630707,Malik,Ellison,0.0,,Undrafted,Malik Ellison,2014
850,1631100,AJ,Griffin,1610612737.0,201.16799999999998,2022,AJ Griffin,2014
851,1631213,Tyrese,Martin,1610612737.0,201.16799999999998,2022,Tyrese Martin,2014
852,1631241,Javon,Freeman-Liberty,0.0,,Undrafted,Javon Freeman-Liberty,2014
853,1630588,Makur,Maker,0.0,,Undrafted,Makur Maker,2014
854,1631245,Quenton,Jackson,1610612764.0,198.12,Undrafted,Quenton Jackson,2014
855,1631221,Collin,Gillespie,1610612743.0,185.928,Undrafted,Collin Gillespie,2014
856,1631300,Drake,Jeffries,0.0,,Undrafted,Drake Jeffries,2014
857,1631466,Jeenathan,Williams,1610612757.0,198.12,Undrafted,Jeenathan Williams,2014
858,1630321,Nate,Pierre-Louis,0.0,,Undrafted,Nate Pierre-Louis,2014
859,1630601,EJ,Onu,0.0,,Undrafted,EJ Onu,2014
860,1628591,Craig,Sword,0.0,192.024,Undrafted,Craig Sword,2014
861,902,Bimbo,Coles,1610612748.0,188.976,1990,Bimbo Coles,2014
862,1049,Shane,Heal,0.0,182.88,Undrafted,Shane Heal,2014
863,252,Karl,Malone,1610612762.0,210.312,1985,Karl Malone,2014
864,270,Horace,Grant,1610612741.0,185.928,1987,Horace Grant,2014
865,1724,Bryce,Drew,0.0,192.024,1998,Bryce Drew,2014
866,2580,Travis,Hansen,1610612737.0,201.16799999999998,2003,Travis Hansen,2014
867,2423,Chris,Jefferies,1610612761.0,207.264,2002,Chris Jefferies,2014
868,682,Bob,Sura,1610612739.0,198.12,1995,Bob Sura,2014
869,84,Latrell,Sprewell,1610612744.0,198.12,1992,Latrell Sprewell,2014
870,718,Gary,Trent,1610612750.0,207.264,1995,Gary Trent,2014
871,1900,Quincy,Lewis,0.0,204.216,1999,Quincy Lewis,2014
872,916,Corie,Blount,1610612741.0,185.928,1993,Corie Blount,2014
873,937,Scottie,Pippen,1610612741.0,207.264,1987,Scottie Pippen,2014
874,1944,Eddie,Robinson,1610612741.0,210.312,Undrafted,Eddie Robinson,2014
875,422,Avery,Johnson,1610612759.0,155.7528,Undrafted,Avery Johnson,2014
876,461,Popeye,Jones,1610612742.0,207.264,1992,Popeye Jones,2014
877,1765,Torraye,Braggs,1610612745.0,207.264,1998,Torraye Braggs,2014
878,2061,Dan,Langhi,0.0,186.23280000000003,2000,Dan Langhi,2014
879,238,Tyrone,Hill,0.0,210.312,1990,Tyrone Hill,2014
880,685,Cherokee,Parks,0.0,186.23280000000003,1995,Cherokee Parks,2014
881,779,Glen,Rice,0.0,207.264,1989,Glen Rice,2014
882,393,Rod,Strickland,0.0,192.024,1988,Rod Strickland,2014
883,93,Hubert,Davis,1610612752.0,198.12,1992,Hubert Davis,2014
884,178,Olden,Polynice,0.0,185.928,1987,Olden Polynice,2014
885,932,Oliver,Miller,1610612756.0,210.312,1992,Oliver Miller,2014
886,2244,Jeff,Trepagnier,1610612743.0,195.072,2001,Jeff Trepagnier,2014
887,1444,Lawrence,Funderburke,1610612758.0,210.312,1994,Lawrence Funderburke,2014
888,2582,Slavko,Vranes,0.0,228.6,2003,Slavko Vranes,2014
889,349,Mark,Jackson,1610612752.0,192.024,1987,Mark Jackson,2014
890,296,Rick,Fox,1610612747.0,204.216,1991,Rick Fox,2014
891,469,Jamal,Mashburn,1610612742.0,207.264,1993,Jamal Mashburn,2014
892,2466,Maurice,Carter,1610612740.0,198.12,Undrafted,Maurice Carter,2014
893,2667,Desmond,Penigar,0.0,204.216,Undrafted,Desmond Penigar,2014
894,168,Chris,Mills,1610612739.0,204.216,1993,Chris Mills,2014
895,891,Charles,Oakley,1610612752.0,210.312,1985,Charles Oakley,2014
896,2724,Desmond,Ferguson,1610612757.0,204.216,Undrafted,Desmond Ferguson,2014
897,988,Randy,Livingston,1610612756.0,195.072,1996,Randy Livingston,2014
898,1910,Leon,Smith,1610612737.0,185.928,1999,Leon Smith,2014
899,344,Dana,Barros,1610612738.0,155.7528,1989,Dana Barros,2014
900,2081,Ernest,Brown,1610612748.0,213.36,2000,Ernest Brown,2014
901,2688,Brandin,Knight,0.0,182.88,Undrafted,Brandin Knight,2014
902,2486,Maurice,Baker,0.0,188.976,Undrafted,Maurice Baker,2014
903,724,Cory,Alexander,1610612759.0,185.928,1995,Cory Alexander,2014
904,2891,Mark,Jones,1610612753.0,201.16799999999998,1983,Mark Jones,2014
905,340,Kevin,Pritchard,1610612744.0,192.024,1990,Kevin Pritchard,2014
906,200970,Renaldo,Major,0.0,204.216,Undrafted,Renaldo Major,2014
907,200838,Kevinn,Pinkney,0.0,185.928,Undrafted,Kevinn Pinkney,2014
908,200785,Kosta,Perovic,1610612744.0,219.45600000000002,2006,Kosta Perovic,2014
909,1626218,Sir'Dominic,Pointer,0.0,,2015,Sir'Dominic Pointer,2014
910,1629600,Jarron,Cumberland,0.0,198.12,Undrafted,Jarron Cumberland,2014
911,1629309,Trayvon,Palmer,0.0,201.16799999999998,Undrafted,Trayvon Palmer,2014
912,1629460,Justin,Tillman,0.0,,Undrafted,Justin Tillman,2014
913,1628238,Paris,Bass,0.0,207.264,Undrafted,Paris Bass,2014
914,1629873,Jaysean,Paige,0.0,188.976,Undrafted,Jaysean Paige,2014
915,1630994,Gabriel,Lundberg,1610612756.0,195.072,Undrafted,Gabriel Lundberg,2014
916,1628221,Gabe,York,1610612754.0,192.024,Undrafted,Gabe York,2014
917,1630641,Ibou,Badji,1610612757.0,216.408,Undrafted,Ibou Badji,2014
